{
  "socialIcons": [
    {
      "icon": "facebook",
      "url": "https://www.facebook.com/stackrolecom"
    },
    {
      "icon": "instagram",
      "url": "https://www.instagram.com/stackrole/"
    },
    {
      "icon": "linkedin",
      "url": "https://in.linkedin.com/company/stackrole"
    },
    {
      "icon": "youtube",
      "url": "https://www.youtube.com/channel/UCc1hYgIP_DzFMMzwLRcbDVQ"
    },
    {
      "icon": "dribbble",
      "url": "https://dribbble.com/stackrole"
    },
    {
      "icon": "tiktok",
      "url": "https://tiktok.com/"
    }
  ]
}
